[
    {
      "question": "What is the capital of France?",
      "options": ["London", "Berlin", "Paris", "Madrid"],
      "correct_answer": "Paris"
    },
    {
      "question": "Which planet is known as the Red Planet?",
      "options": ["Mars", "Venus", "Jupiter", "Saturn"],
      "correct_answer": "Mars"
    },
    {
      "question": "What is the largest mammal?",
      "options": ["African Elephant", "Blue Whale", "Giraffe", "Hippopotamus"],
      "correct_answer": "Blue Whale"
    },
    {
      "question": "Who painted the Mona Lisa?",
      "options": ["Vincent van Gogh", "Leonardo da Vinci", "Pablo Picasso", "Michelangelo"],
      "correct_answer": "Leonardo da Vinci"
    },
    {
      "question": "What is the chemical symbol for gold?",
      "options": ["Au", "Ag", "Fe", "Cu"],
      "correct_answer": "Au"
    }
  ]
  
  